{
  "total_pairs": 923,
  "rated_pairs": 918,
  "filtered_pairs": 649,
  "retention_rate": 0.7031419284940412,
  "avg_score": 6.8997821350762525,
  "threshold": 7.0,
  "original_format": "cot",
  "curated_at": "2026-01-06T20:46:58.023275"
}