{
  "total_pairs": 1033,
  "rated_pairs": 1028,
  "filtered_pairs": 781,
  "retention_rate": 0.7560503388189739,
  "avg_score": 6.871595330739299,
  "threshold": 7.0,
  "original_format": "qa",
  "curated_at": "2026-01-06T15:11:20.675219"
}