{
  "total_pairs": 781,
  "rated_pairs": 781,
  "filtered_pairs": 776,
  "retention_rate": 0.9935979513444302,
  "avg_score": 7.651728553137004,
  "threshold": 7.0,
  "original_format": "cot",
  "curated_at": "2026-01-06T18:26:14.699220"
}